{
    "train_losses": [
        1.6664084882138457,
        1.2922334725360918,
        1.1452660173432443,
        1.0373716753432562,
        0.9545810884899566,
        0.8954791655907263,
        0.8343051252541711,
        0.7883364413878177,
        0.7316759303424432,
        0.6870601211178342,
        0.6379535585387137,
        0.5894979449079248,
        0.5398811268330979,
        0.49297821988746987,
        0.45967983087243525,
        0.41486773442508834,
        0.3718218673922739,
        0.3453631345447992,
        0.31543751965221184,
        0.28645444242151047
    ],
    "valid_losses": [
        1.3662839978933334,
        1.1447671070694923,
        1.075062638521194,
        0.9373303830623625,
        0.8841153115034104,
        0.7981880344450473,
        0.73812662884593,
        0.7139251932501794,
        0.6467572860419751,
        0.610347055643797,
        0.5286577682942153,
        0.48226344361901274,
        0.4297549299895764,
        0.3655554316937923,
        0.38667491450905805,
        0.33277304992079737,
        0.3458768885582686,
        0.27086877310648566,
        0.24910839623771605,
        0.2373900615610182
    ],
    "train_accs": [
        0.39516559829059816,
        0.535723824786325,
        0.5929042022792024,
        0.6317218660968659,
        0.662637998575498,
        0.6822026353276353,
        0.7039930555555548,
        0.7202190170940161,
        0.7416755698005695,
        0.7559428418803409,
        0.7727920227920225,
        0.7897970085470077,
        0.8070468304843295,
        0.8252982549857539,
        0.8366720085470067,
        0.8530092592592589,
        0.8676549145299143,
        0.8778267450142452,
        0.8879095441595449,
        0.9005297364672363
    ],
    "valid_accs": [
        0.5164062500000001,
        0.5884765625000001,
        0.6080078125000001,
        0.6697265625000001,
        0.6939453124999999,
        0.7158203125,
        0.7455078125,
        0.741796875,
        0.7755859374999999,
        0.790625,
        0.8166015625,
        0.8359375000000001,
        0.8492187500000001,
        0.8779296875,
        0.8705078125000001,
        0.8873046875000001,
        0.8853515625000001,
        0.9166015625000002,
        0.9220703125,
        0.9257812500000001
    ],
    "total_params": 2175818,
    "total_train_time": 68.68446469306946
}