{
    "train_losses": [
        1.6950335074693736,
        1.2674085299173992,
        1.1152068695791093,
        1.0016387184800586,
        0.9170925350610347,
        0.8447896072327922,
        0.8000255958986418,
        0.7409475821035877,
        0.7007975532458377,
        0.650126541357095,
        0.6047084352739174,
        0.5593517927023086,
        0.5208625278921211,
        0.469517221223255,
        0.4323242557184646,
        0.38235563570447784,
        0.34655351601434903,
        0.3127472976334075,
        0.27220628145243697,
        0.2483513517002774,
        0.2178435319891343,
        0.19245194448450015,
        0.17503030528115393,
        0.15876920548854045,
        0.14799427439556845
    ],
    "valid_losses": [
        1.3634077489376066,
        1.1383658468723297,
        1.010469390451908,
        0.9234595596790313,
        0.8435772493481635,
        0.8053725451231005,
        0.6876854673027993,
        0.6733454406261443,
        0.6146941624581814,
        0.6003499068319796,
        0.5689152218401433,
        0.4973245613276958,
        0.5118421092629433,
        0.434850463271141,
        0.4277404069900511,
        0.3457021463662385,
        0.29877930469810965,
        0.2557654719799757,
        0.2611411698162556,
        0.25118399970233435,
        0.20966894552111623,
        0.20273650158196688,
        0.18544630259275433,
        0.17694088248535994,
        0.16940870266407726
    ],
    "train_accs": [
        0.3898682336182331,
        0.5432692307692313,
        0.6054353632478628,
        0.6461226851851845,
        0.677884615384615,
        0.7036146723646725,
        0.7175925925925916,
        0.7400062321937315,
        0.753872863247862,
        0.770521723646723,
        0.7847222222222218,
        0.8003027065527059,
        0.8158386752136741,
        0.8328214031339013,
        0.845597400284899,
        0.8638265669515668,
        0.8742432336182343,
        0.889133725071226,
        0.9031116452991451,
        0.912126068376067,
        0.9229878917378906,
        0.9327813390313378,
        0.9373441951566939,
        0.9436209045584041,
        0.9479834401709404
    ],
    "valid_accs": [
        0.5017578125,
        0.5966796874999999,
        0.6509765624999998,
        0.6703125,
        0.6955078124999999,
        0.7101562499999998,
        0.7580078125000002,
        0.7605468749999998,
        0.7791015624999997,
        0.7853515625000002,
        0.7994140625,
        0.8296874999999997,
        0.8171875,
        0.8529296875000001,
        0.856640625,
        0.8820312499999999,
        0.8968750000000002,
        0.9095703125000002,
        0.9074218750000002,
        0.9162109375000003,
        0.9296875000000001,
        0.9392578125000001,
        0.9457031250000002,
        0.9460937500000001,
        0.9498046875
    ],
    "total_params": 8570634,
    "total_train_time": 360.1728892326355
}