{
    "train_losses": [
        1.6072257886245378,
        1.2301488326825298,
        1.057554403771023,
        0.9607587140849512,
        0.8785502343435924,
        0.8206323082970083,
        0.7615741411505257,
        0.7059037549543248,
        0.671515618888741,
        0.6177786405269913,
        0.5715352483624406,
        0.5338005131466097,
        0.4924310612203048,
        0.4530069742277481,
        0.4079672610997474,
        0.370013412671891,
        0.34122335240032625,
        0.30487109470231555,
        0.2753061548809381,
        0.25172785956126004
    ],
    "valid_losses": [
        1.3108911454677579,
        1.0947850376367565,
        0.946985061466694,
        0.8539472147822377,
        0.8554312281310558,
        0.7872903987765312,
        0.675365259498358,
        0.629084114730358,
        0.6165413618087768,
        0.5467052161693574,
        0.530136752873659,
        0.44729668460786337,
        0.4281876970082521,
        0.3855498922988773,
        0.37446778677403936,
        0.37808901593089095,
        0.28560354574583474,
        0.271153362467885,
        0.26407845020294196,
        0.24331099828705186
    ],
    "train_accs": [
        0.41317218660968646,
        0.5583155270655272,
        0.6255564458689454,
        0.6582977207977209,
        0.6908164173789174,
        0.7085113960113958,
        0.7304131054131053,
        0.7503783831908828,
        0.7640669515669503,
        0.7815838675213672,
        0.7959179131054129,
        0.8111200142450129,
        0.8258324430199416,
        0.8390313390313378,
        0.8523637820512816,
        0.8670094373219372,
        0.8772035256410261,
        0.8903356481481494,
        0.9022435897435899,
        0.911057692307691
    ],
    "valid_accs": [
        0.5167968749999999,
        0.6027343749999999,
        0.6621093750000001,
        0.6974609374999999,
        0.70078125,
        0.7333984375,
        0.7615234375000001,
        0.7757812499999998,
        0.7804687499999999,
        0.8138671875,
        0.8070312499999999,
        0.8421875,
        0.8533203125000001,
        0.8671875,
        0.8714843749999996,
        0.8751953124999999,
        0.9046875,
        0.9126953125,
        0.9140625000000001,
        0.91875
    ],
    "total_params": 2188298,
    "total_train_time": 101.78372526168823
}