{
    "train_losses": [
        1.592382528503396,
        1.2670176633742467,
        1.128599002150728,
        1.027502735795459,
        0.9466764833512809,
        0.8828375499133027,
        0.8239431119712332,
        0.7796113378981238,
        0.7333353914086976,
        0.6999317506100036,
        0.6665729365797122,
        0.637616205589045,
        0.6017500613829347,
        0.5810082248303287,
        0.5511204415237118,
        0.5280239948010516,
        0.49804056302095107,
        0.47798392363423275,
        0.45990145664948684,
        0.4351872970745433,
        0.4154180211474072,
        0.38699074030092306,
        0.37152822243522027,
        0.3475693526685748,
        0.33054717874255274
    ],
    "valid_losses": [
        1.3454763650894161,
        1.1704843550920487,
        1.0359035775065422,
        0.964003424346447,
        0.8486733913421631,
        0.8167304635047913,
        0.7947939306497573,
        0.7135133937001229,
        0.7185223042964937,
        0.6530270941555499,
        0.6070055402815344,
        0.5870753817260266,
        0.575983250886202,
        0.524356412142515,
        0.47814122438430806,
        0.4790719747543335,
        0.43411814123392106,
        0.4405811458826065,
        0.4362333282828331,
        0.38495906218886383,
        0.3614676639437676,
        0.34805878251791,
        0.34085388146340845,
        0.3100632179528475,
        0.32094098366796964
    ],
    "train_accs": [
        0.41704504985754987,
        0.5428018162393163,
        0.5956864316239314,
        0.6365073005698005,
        0.6631944444444441,
        0.6891470797720793,
        0.7097800925925922,
        0.725316061253561,
        0.7427662037037036,
        0.7534499643874644,
        0.7649127492877492,
        0.7767761752136746,
        0.7854567307692305,
        0.7922231125356124,
        0.8049991096866085,
        0.8136574074074057,
        0.8213586182336169,
        0.8289040242165224,
        0.8358929843304826,
        0.8441283831908817,
        0.8510728276353264,
        0.8614227207977202,
        0.865985576923077,
        0.8757345085470101,
        0.8800970441595443
    ],
    "valid_accs": [
        0.5095703125,
        0.5855468749999998,
        0.6240234375,
        0.6720703125,
        0.6990234375,
        0.7181640625000001,
        0.7236328125,
        0.7408203124999999,
        0.7509765625,
        0.7666015625000001,
        0.786328125,
        0.7865234375,
        0.7947265625,
        0.80859375,
        0.8312499999999999,
        0.8357421875000003,
        0.8468749999999998,
        0.8476562499999998,
        0.8509765624999999,
        0.8654296875000002,
        0.8767578125,
        0.8794921874999999,
        0.8814453124999999,
        0.897265625,
        0.8884765625
    ],
    "total_params": 569994,
    "total_train_time": 88.4106764793396
}