{
    "train_losses": [
        1.769079587058804,
        1.5373408298546767,
        1.452647393245642,
        1.3870384560690983,
        1.3447268117866626,
        1.3090373661443389,
        1.2738697488083803,
        1.2454240702495958,
        1.2157611476729724,
        1.1853529569769847,
        1.164155969592581,
        1.1418169342894164,
        1.1204282313670184,
        1.0985958362236996,
        1.0739225446328815,
        1.0600467475391189,
        1.04892821512331,
        1.0246396334762258,
        1.0140928364547228,
        0.9944353453454129,
        0.9717929471931562,
        0.9613932136796477,
        0.9460289109806055,
        0.9352777975576888,
        0.9247786329682398,
        0.907352692381269,
        0.8921902237454714,
        0.8801026607510708,
        0.8669028662548444,
        0.8578433813872163,
        0.8490589751816879,
        0.833217095106076,
        0.8259548281672332,
        0.8119310787600327,
        0.8005142852112095,
        0.7972295825977265,
        0.7742395173450483,
        0.7733878058585681,
        0.7611713531689763,
        0.7568344969695107,
        0.7446978895412886,
        0.7334394607788477,
        0.7293797104786609,
        0.7072632185414313,
        0.7016092982896708,
        0.6975909781422027,
        0.6820155889899645,
        0.6799421492974644,
        0.6677063042112228,
        0.6619208746316422,
        0.6577280888020814,
        0.6506073806020949,
        0.6354387124039844,
        0.6269261148410645,
        0.6217176077882106,
        0.6181184179083238,
        0.6103445550485216,
        0.6012542282584047,
        0.6001453918439369,
        0.5856836937431591
    ],
    "valid_losses": [
        1.5432441592216493,
        1.427448171377182,
        1.3622018337249755,
        1.305227048695087,
        1.2595056265592575,
        1.228651237487793,
        1.2002257570624353,
        1.167493516206741,
        1.1111877366900444,
        1.0931781277060508,
        1.0668999850749972,
        1.041184278577566,
        1.0052027642726895,
        0.984884150326252,
        0.9681000813841819,
        0.9585627652704715,
        0.9564691320061681,
        0.9185933366417887,
        0.9071977287530899,
        0.8829677544534206,
        0.8628211230039596,
        0.8436289563775062,
        0.8197466686367988,
        0.8243823193013671,
        0.790553906559944,
        0.7952074870467186,
        0.7724104255437848,
        0.7540301248431207,
        0.7367196649312974,
        0.7172681331634522,
        0.7152708888053895,
        0.7253498926758768,
        0.7053618602454663,
        0.7041010618209836,
        0.6917954310774802,
        0.664156775176525,
        0.652193959802389,
        0.641424758732319,
        0.6386977769434453,
        0.6244450747966765,
        0.619335798919201,
        0.607418541610241,
        0.5994344353675841,
        0.5794408172369004,
        0.5765342973172665,
        0.562825296074152,
        0.559256538003683,
        0.5673570178449153,
        0.5432638078927993,
        0.5410955302417279,
        0.529250729829073,
        0.52863145545125,
        0.509547783434391,
        0.5253607176244259,
        0.49274105206131935,
        0.5050851151347161,
        0.4827299639582633,
        0.4808010198175907,
        0.49389833956956875,
        0.47963756769895555
    ],
    "train_accs": [
        0.37475516381766355,
        0.4601362179487179,
        0.49209846866096907,
        0.5135550213675217,
        0.5300703347578353,
        0.5421340811965812,
        0.5524839743589749,
        0.5647925569800573,
        0.5749198717948719,
        0.5856704059829063,
        0.5955974002848995,
        0.6028311965811972,
        0.6078614672364668,
        0.6174323361823364,
        0.6245771011396007,
        0.6304086538461537,
        0.6329015313390308,
        0.6443643162393167,
        0.6446536680911681,
        0.6499955484330479,
        0.6605457621082618,
        0.66343928062678,
        0.6695601851851846,
        0.6739894943019934,
        0.6755252849002851,
        0.6818910256410251,
        0.6889467592592582,
        0.691484152421652,
        0.6972489316239318,
        0.6996972934472936,
        0.7020566239316235,
        0.7080662393162387,
        0.7096465455840448,
        0.716835826210826,
        0.7193064458689457,
        0.7223557692307682,
        0.7280315170940158,
        0.7284099002848998,
        0.7329059829059821,
        0.735332086894586,
        0.7380252849002847,
        0.7419649216524209,
        0.7422987891737886,
        0.753271901709401,
        0.7541844729344724,
        0.7569667022792024,
        0.7608618233618223,
        0.7642004985754972,
        0.7690749643874644,
        0.7689414173789164,
        0.7692752849002844,
        0.772057514245014,
        0.7789797008546996,
        0.7799367877492867,
        0.7833644943019947,
        0.7836761039886041,
        0.7886173433048432,
        0.7909989316239303,
        0.7915553774928779,
        0.7955172720797712
    ],
    "valid_accs": [
        0.4593749999999999,
        0.4996093750000001,
        0.530859375,
        0.5515625000000002,
        0.56328125,
        0.5765625,
        0.5832031250000002,
        0.5917968750000001,
        0.6140624999999998,
        0.6246093750000001,
        0.6322265625000001,
        0.6330078124999999,
        0.65546875,
        0.658984375,
        0.666796875,
        0.6685546875000001,
        0.6658203125,
        0.6828125,
        0.6763671874999999,
        0.6917968750000001,
        0.7001953125,
        0.7134765625,
        0.7244140624999998,
        0.71796875,
        0.723828125,
        0.7314453124999999,
        0.7330078124999999,
        0.7439453125000001,
        0.7449218749999998,
        0.7501953125,
        0.7505859375000002,
        0.7474609375000002,
        0.7568359375000001,
        0.7572265625,
        0.7599609375000002,
        0.7753906250000001,
        0.7789062500000001,
        0.7814453125000002,
        0.7841796875000001,
        0.7892578124999999,
        0.7869140625,
        0.7986328125000001,
        0.7986328125,
        0.8070312499999999,
        0.8052734375,
        0.8138671874999999,
        0.8201171875000001,
        0.8107421875,
        0.8240234375000002,
        0.8232421875,
        0.8302734375000002,
        0.8292968749999999,
        0.8392578125000002,
        0.8294921875,
        0.8423828124999999,
        0.8333984375000001,
        0.8441406250000002,
        0.8474609375,
        0.8423828125,
        0.8482421875
    ]
}