{
    "train_losses": [
        1.7216556133368068,
        1.3643115154358736,
        1.2294747642642074,
        1.1313782560180043,
        1.0557041293875107,
        0.9898745617975198,
        0.9322192047396275,
        0.8856885477348616,
        0.8443153081116852,
        0.8064236476210789,
        0.7662316951316986,
        0.734343077891912,
        0.7018794992201006,
        0.6719619714976036,
        0.647708663913259,
        0.6213807113829503,
        0.5962355694709679,
        0.5704962518649904,
        0.5464623150153037,
        0.5292700349944951,
        0.5056934016212774,
        0.48789439743061014,
        0.4672260519615944,
        0.44486702694172864,
        0.42721053490951155,
        0.4076005383858995,
        0.3982763619844049,
        0.3790245808427488,
        0.35910232326923286,
        0.3470851956439493
    ],
    "valid_losses": [
        1.4539094060659408,
        1.2696115672588348,
        1.1846786737442019,
        1.102018219232559,
        1.001643306016922,
        0.9309642821550368,
        0.8691345483064652,
        0.8330338656902313,
        0.8086585193872452,
        0.757972657680511,
        0.7355741545557977,
        0.6917732879519465,
        0.6622408971190454,
        0.6387216001749035,
        0.5903302222490311,
        0.5848440654575824,
        0.5415097594261168,
        0.5265139684081077,
        0.5479579970240593,
        0.48770830854773517,
        0.45152142718434335,
        0.4115467824041843,
        0.4178798452019693,
        0.4023150764405726,
        0.3734902985394001,
        0.3882866989821195,
        0.3633599422872067,
        0.33719199784100057,
        0.3177057914435864,
        0.3129639197140932
    ],
    "train_accs": [
        0.3725071225071223,
        0.5033164173789175,
        0.5553552350427353,
        0.5947516025641022,
        0.6238203347578344,
        0.6472800925925924,
        0.6698940527065521,
        0.689280626780626,
        0.7022569444444441,
        0.7166132478632478,
        0.7319488960113963,
        0.7438123219373208,
        0.7555644586894583,
        0.7636217948717948,
        0.7745281339031334,
        0.7850115740740733,
        0.7924679487179487,
        0.8022168803418797,
        0.8125445156695139,
        0.8160167378917368,
        0.8253872863247856,
        0.832821403133902,
        0.8395655270655259,
        0.8490918803418795,
        0.8526753917378911,
        0.8616007834757832,
        0.8648281695156693,
        0.8713051994302004,
        0.8791844729344732,
        0.8838808760683771
    ],
    "valid_accs": [
        0.4675781249999999,
        0.5345703125,
        0.5666015624999998,
        0.6017578125,
        0.6419921875,
        0.6626953124999999,
        0.6871093749999999,
        0.7105468749999999,
        0.7261718749999999,
        0.7332031250000001,
        0.7392578125000002,
        0.75859375,
        0.767578125,
        0.7812499999999997,
        0.7970703124999998,
        0.794140625,
        0.81484375,
        0.8236328125,
        0.8052734375000001,
        0.8363281249999998,
        0.8486328125000001,
        0.8650390625000001,
        0.8533203125,
        0.8693359374999998,
        0.8749999999999999,
        0.8677734375,
        0.8769531250000001,
        0.88984375,
        0.8960937499999999,
        0.8990234374999999
    ]
}