{
    "train_losses": [
        1.9041629387782184,
        1.6956379175865408,
        1.6155020687994452,
        1.568732718456844,
        1.5203052827096062,
        1.492046178575935,
        1.4684002891904602,
        1.4449123239245514,
        1.4171390957981778,
        1.4002958610866145,
        1.384380152762105,
        1.3691985817716326,
        1.3455204277636323,
        1.3341466195223337,
        1.3149646860242232,
        1.3068091499160148,
        1.2883078029692347,
        1.2736554913371385,
        1.261961992309983,
        1.2529112599853776
    ],
    "valid_losses": [
        1.7303356856107714,
        1.6318970620632172,
        1.574630203843117,
        1.5113653898239134,
        1.481695729494095,
        1.443608257174492,
        1.4103956311941146,
        1.392162764072418,
        1.365500545501709,
        1.3518032640218738,
        1.3148487627506253,
        1.2928682446479796,
        1.2833791524171831,
        1.2599697157740593,
        1.2425227761268616,
        1.2392712205648424,
        1.2125557631254194,
        1.1874456450343136,
        1.1707746490836146,
        1.1683971747756001
    ],
    "train_accs": [
        0.3214699074074072,
        0.3993278133903133,
        0.42523593304843255,
        0.44150641025641013,
        0.4579326923076922,
        0.46806000712250734,
        0.47700765669515666,
        0.48348468660968674,
        0.49383457977208,
        0.5015803062678067,
        0.508079594017094,
        0.512664707977208,
        0.5209001068376067,
        0.5241942663817665,
        0.5313167735042733,
        0.5356125356125356,
        0.5392628205128205,
        0.5477430555555557,
        0.5522168803418805,
        0.5523726851851851
    ],
    "valid_accs": [
        0.3923828125,
        0.4173828124999999,
        0.4400390625,
        0.4593750000000001,
        0.4749999999999999,
        0.4853515625000001,
        0.5023437500000002,
        0.50546875,
        0.5246093749999999,
        0.51875,
        0.5369140625,
        0.551171875,
        0.5537109375000001,
        0.5572265625000001,
        0.5582031249999999,
        0.5636718749999998,
        0.5718749999999999,
        0.576953125,
        0.583984375,
        0.5837890625
    ]
}