{
    "train_losses": [
        1.8878468978099339,
        1.7604227582274004,
        1.7217475029817675,
        1.696881038510901,
        1.6648541213440418,
        1.6413366519487804,
        1.6247474746486752,
        1.6055021228274056,
        1.5928475547719882,
        1.5703838435333335,
        1.5715681069936513,
        1.5614930455840894,
        1.5550974936906434,
        1.5402856936142313,
        1.538778518339847,
        1.5297873223948675,
        1.5233913340799492,
        1.511174830955656,
        1.5069249494802572,
        1.4955518289848606
    ],
    "valid_losses": [
        1.7542240172624588,
        1.7081293284893035,
        1.6589998245239257,
        1.6428454846143725,
        1.6314671814441681,
        1.5948896318674088,
        1.5739907413721084,
        1.538406068086624,
        1.5290533781051634,
        1.5436582654714586,
        1.5119916975498198,
        1.5016909509897232,
        1.5131576210260391,
        1.4926869064569475,
        1.4915029853582382,
        1.4675503641366958,
        1.4632908344268805,
        1.4500418215990065,
        1.4670514106750492,
        1.4539031893014909
    ],
    "train_accs": [
        0.3365162037037031,
        0.3848602207977202,
        0.3985710470085467,
        0.40578258547008517,
        0.418781160968661,
        0.4230769230769229,
        0.43086716524216506,
        0.4364316239316239,
        0.4397702991452991,
        0.44566862535612534,
        0.4445779914529915,
        0.4456018518518515,
        0.4511885683760686,
        0.4562856125356124,
        0.4530582264957264,
        0.45860042735042733,
        0.46160523504273476,
        0.4647213319088317,
        0.4669025997150993,
        0.46952902421652387
    ],
    "valid_accs": [
        0.3876953125,
        0.40078125,
        0.4291015624999999,
        0.4265625,
        0.42558593750000007,
        0.4443359375,
        0.4503906250000002,
        0.4613281250000001,
        0.46640625,
        0.4546875,
        0.46875000000000006,
        0.4837890625,
        0.4744140625,
        0.46875000000000006,
        0.4730468750000001,
        0.48222656249999996,
        0.47402343750000014,
        0.4869140625000002,
        0.48984375,
        0.4867187500000001
    ]
}