{
    "train_losses": [
        1.810314844136905,
        1.6041027304114104,
        1.5119459092447214,
        1.4520591225719177,
        1.401451529261054,
        1.3659691875137145,
        1.3340014344946265,
        1.3025820083767594,
        1.2801298307217768,
        1.2554420531645119,
        1.2344111863024896,
        1.2169430048717063,
        1.1926871526275264,
        1.173355386297927,
        1.1504748276835493,
        1.1414969245932394,
        1.1173592583406347,
        1.106073394120589,
        1.0867239421928714,
        1.07699273912995
    ],
    "valid_losses": [
        1.6237923175096514,
        1.4905176401138298,
        1.427974382042885,
        1.3710751682519917,
        1.3289754897356034,
        1.2967533200979233,
        1.2668594300746918,
        1.2687426850199695,
        1.1988385111093518,
        1.1837540239095687,
        1.1502588987350464,
        1.1275621533393858,
        1.1084826335310938,
        1.0910070076584817,
        1.0658901020884515,
        1.0400224030017853,
        1.0155006378889084,
        1.0103300571441651,
        0.9755968868732452,
        0.9728992402553557
    ],
    "train_accs": [
        0.35648148148148107,
        0.4337161680911682,
        0.4628071581196583,
        0.4864449786324785,
        0.5048967236467239,
        0.5167156339031339,
        0.5312500000000001,
        0.5406650641025644,
        0.5468082264957267,
        0.5549545940170936,
        0.5618100071225071,
        0.567040598290598,
        0.5807736823361829,
        0.5854923433048427,
        0.5941283831908826,
        0.597467058404558,
        0.6033876424501419,
        0.6064147079772079,
        0.6135817307692303,
        0.618656517094017
    ],
    "valid_accs": [
        0.4289062500000001,
        0.4765625,
        0.4972656250000001,
        0.5105468750000001,
        0.5386718749999999,
        0.5484374999999999,
        0.550390625,
        0.5425781250000001,
        0.57734375,
        0.580078125,
        0.5904296875000001,
        0.6074218750000001,
        0.6066406249999999,
        0.6236328125,
        0.6203125000000002,
        0.6349609375,
        0.6396484374999999,
        0.646875,
        0.6501953125000001,
        0.6466796874999999
    ]
}