{
    "train_losses": [
        1.4200154437638417,
        0.950570284471213,
        0.735315979036511,
        0.6150389742477669,
        0.5323987331485478,
        0.47635616905499045,
        0.42397246286909807,
        0.383636061197672,
        0.3522360689110224,
        0.31808564584818966,
        0.29780558080669817,
        0.2685896552610944,
        0.24817941921558803,
        0.23165184660599789,
        0.20722562078906592,
        0.19093877034649215,
        0.17572067979394204,
        0.16235999630344905,
        0.15034771887877374,
        0.13738157390019826,
        0.13334494084119805,
        0.12296398980622619,
        0.11596552575500604,
        0.09956447471814112,
        0.10017612462391035,
        0.09561362681098479,
        0.08873635476874324,
        0.08116410036924207,
        0.0830194742400253,
        0.07530281166851183
    ],
    "valid_losses": [
        1.2740470141172406,
        0.9634621128439902,
        0.7638724386692048,
        0.5917258307337762,
        0.48868533372879036,
        0.5580142408609391,
        0.3731324166059495,
        0.3722987368702889,
        0.31519260741770266,
        0.2722829602658748,
        0.2687549214810133,
        0.23826001696288587,
        0.2624184299260378,
        0.16542537491768597,
        0.17557727117091418,
        0.1818847991526127,
        0.18667779508978125,
        0.14939923975616692,
        0.12748621543869376,
        0.11412705918774013,
        0.1616191562265158,
        0.12412069942802192,
        0.11141320620663467,
        0.1064681870862842,
        0.1490079005248845,
        0.10054302825592457,
        0.09512970885261897,
        0.10232384370174259,
        0.07404863014817237,
        0.11533457078039648
    ],
    "train_accs": [
        0.4834179131054129,
        0.6612357549857545,
        0.7411413817663817,
        0.785612535612535,
        0.8155048076923074,
        0.8352697649572636,
        0.8534989316239312,
        0.8676103988603991,
        0.8769586894586896,
        0.8892672720797725,
        0.8957888176638173,
        0.9061387108262099,
        0.912348646723646,
        0.9169782763532751,
        0.927127849002848,
        0.9330706908831893,
        0.9376558048433039,
        0.9432647792022791,
        0.9467147435897442,
        0.9521901709401724,
        0.9531917735042753,
        0.9561965811965829,
        0.9592236467236489,
        0.9643874643874675,
        0.9648326210826244,
        0.9666577635327673,
        0.9691061253561297,
        0.9713764245014289,
        0.9707309472934526,
        0.9727341524216574
    ],
    "valid_accs": [
        0.5318359374999999,
        0.6525390625,
        0.7265625000000001,
        0.7916015624999998,
        0.8300781250000001,
        0.7998046874999997,
        0.8714843749999999,
        0.8687500000000002,
        0.8886718750000002,
        0.9072265624999999,
        0.9087890624999997,
        0.9154296875000001,
        0.9128906250000002,
        0.945703125,
        0.9371093750000001,
        0.9400390624999999,
        0.938671875,
        0.9494140624999997,
        0.9544921875,
        0.9658203124999999,
        0.9472656250000002,
        0.9611328125,
        0.9664062500000001,
        0.9650390625000002,
        0.9509765625,
        0.9685546875000002,
        0.9685546875000001,
        0.9703124999999999,
        0.9781250000000002,
        0.9615234374999998
    ]
}