{
    "train_losses": [
        1.3430217806769909,
        0.9188217682036927,
        0.7330128708456319,
        0.6176018739527784,
        0.5418592234622381,
        0.47831967651334556,
        0.4354344696400853,
        0.38998893183520733,
        0.35322923177158094,
        0.32096565066919047,
        0.2926247473965344,
        0.27117590699610195,
        0.24612418946377582,
        0.22280955138454422,
        0.20767425503740966,
        0.1874514433563265,
        0.1792307138400539,
        0.16129333286034078,
        0.14628578154662056,
        0.1425771082080157,
        0.13107649023588905,
        0.12687804015019014,
        0.11728018960594445,
        0.11521365837408946,
        0.09752498330957027,
        0.09988829774776757,
        0.09290661316821378,
        0.09185116523160386,
        0.08678012355588945,
        0.07917111586683835
    ],
    "valid_losses": [
        1.1111420765519144,
        0.9615453854203223,
        0.6657190136611463,
        0.6777227386832235,
        0.5330481588840484,
        0.4464506719261407,
        0.43934432640671717,
        0.35556629076600077,
        0.32172880172729484,
        0.29263836108148106,
        0.269479613006115,
        0.2720365386456252,
        0.19620273262262344,
        0.2463317219167948,
        0.1985588202252984,
        0.18357356637716293,
        0.14305248837918047,
        0.15223874878138302,
        0.18085748944431543,
        0.1317009519785642,
        0.1281153324060142,
        0.14669943265616894,
        0.1374427596107125,
        0.10668850895017384,
        0.13551170425489545,
        0.09281343696638943,
        0.10155053446069359,
        0.1155789535492659,
        0.11010404131375254,
        0.09564802097156645
    ],
    "train_accs": [
        0.509682158119658,
        0.6703837250712252,
        0.7426326566951568,
        0.7852118945868937,
        0.8103187321937317,
        0.8338007478632474,
        0.8487802706552692,
        0.8638710826210833,
        0.8785835113960123,
        0.8895343660968662,
        0.8991052350427354,
        0.9052261396011393,
        0.9143963675213663,
        0.9231214387464364,
        0.9286636396011387,
        0.9346287393162378,
        0.9380564458689451,
        0.9442441239316237,
        0.9488514957264965,
        0.9493189102564107,
        0.9544159544159561,
        0.9556178774928794,
        0.9597133190883215,
        0.9606036324786358,
        0.9660790598290642,
        0.9644319800569836,
        0.9677483974359015,
        0.9677483974359017,
        0.9705751424501469,
        0.9726228632478678
    ],
    "valid_accs": [
        0.6107421875000001,
        0.658984375,
        0.7738281250000001,
        0.7728515625000001,
        0.8195312500000002,
        0.83671875,
        0.846875,
        0.8769531250000001,
        0.8894531249999998,
        0.8996093749999999,
        0.9072265625000002,
        0.903125,
        0.9359374999999999,
        0.9117187500000002,
        0.9328124999999999,
        0.9365234374999999,
        0.9527343750000001,
        0.9470703125,
        0.9414062500000001,
        0.9560546874999999,
        0.9574218750000001,
        0.9527343749999999,
        0.9531250000000001,
        0.9675781249999997,
        0.9548828124999998,
        0.9720703125000001,
        0.9683593749999999,
        0.9662109375000003,
        0.9654296875000002,
        0.970703125
    ]
}