{
    "train_losses": [
        NaN,
        NaN,
        NaN,
        NaN,
        NaN,
        NaN,
        NaN,
        NaN,
        NaN,
        NaN,
        NaN,
        NaN,
        NaN,
        NaN,
        NaN,
        NaN,
        NaN,
        NaN,
        NaN,
        NaN,
        NaN,
        NaN,
        NaN,
        NaN,
        NaN,
        NaN,
        NaN,
        NaN,
        NaN,
        NaN
    ],
    "valid_losses": [
        NaN,
        NaN,
        NaN,
        NaN,
        NaN,
        NaN,
        NaN,
        NaN,
        NaN,
        NaN,
        NaN,
        NaN,
        NaN,
        NaN,
        NaN,
        NaN,
        NaN,
        NaN,
        NaN,
        NaN,
        NaN,
        NaN,
        NaN,
        NaN,
        NaN,
        NaN,
        NaN,
        NaN,
        NaN,
        NaN
    ],
    "train_accs": [
        0.10016025641025618,
        0.1000267094017091,
        0.10004896723646704,
        0.10000445156695142,
        0.10002670940170935,
        0.100048967236467,
        0.10011574074074049,
        0.10007122507122487,
        0.10004896723646703,
        0.10016025641025621,
        0.10009348290598276,
        0.10004896723646699,
        0.09998219373219353,
        0.1001157407407405,
        0.10004896723646704,
        0.09991542022792005,
        0.09998219373219348,
        0.09989316239316225,
        0.10007122507122496,
        0.10000445156695145,
        0.10002670940170917,
        0.10002670940170923,
        0.09991542022791998,
        0.10009348290598268,
        0.09987090455840439,
        0.10002670940170924,
        0.10000445156695131,
        0.09998219373219346,
        0.09993767806267793,
        0.10002670940170919
    ],
    "valid_accs": [
        0.10195312500000002,
        0.10195312500000002,
        0.10195312500000002,
        0.10195312500000002,
        0.10195312500000002,
        0.10195312500000002,
        0.10195312500000002,
        0.10195312500000002,
        0.10195312500000002,
        0.10195312500000002,
        0.10195312500000002,
        0.10195312500000002,
        0.10195312500000002,
        0.10195312500000002,
        0.10195312500000002,
        0.10195312500000002,
        0.10195312500000002,
        0.10195312500000002,
        0.10195312500000002,
        0.10195312500000002,
        0.10195312500000002,
        0.10195312500000002,
        0.10195312500000002,
        0.10195312500000002,
        0.10195312500000002,
        0.10195312500000002,
        0.10195312500000002,
        0.10195312500000002,
        0.10195312500000002,
        0.10195312500000002
    ]
}