{
    "train_losses": [
        1.6188347285289713,
        1.250148935195727,
        1.096388810380572,
        0.9769466651810541,
        0.8872086083107863,
        0.8180967397839258,
        0.76880071034119,
        0.7108776015773456,
        0.6645966218917113,
        0.6234186994723787,
        0.5764317603362594,
        0.5308826873954542,
        0.4921819469188355,
        0.4582408627553542,
        0.41742012588217026,
        0.37759161012464737,
        0.3441359601129493,
        0.31013925861768915,
        0.2823266101274055,
        0.2594476842727416,
        0.23517995760736293,
        0.21055506416026007,
        0.19852009644875165,
        0.18446775014244254,
        0.1663668799264478
    ],
    "valid_losses": [
        1.3684927314519881,
        1.1459728002548213,
        0.9883574038743974,
        0.9264332741498948,
        0.7992152810096741,
        0.7321698814630511,
        0.6897372350096705,
        0.7021707475185397,
        0.5977756038308144,
        0.5602100014686585,
        0.5267270803451539,
        0.45622758343815806,
        0.42403472736477843,
        0.4020322181284428,
        0.3853283945471048,
        0.3521701876074076,
        0.316781460866332,
        0.3067261651158333,
        0.26937776505947114,
        0.24968295283615588,
        0.29706100039184097,
        0.22664998210966586,
        0.24539500959217547,
        0.21043762993067502,
        0.2371924016624689
    ],
    "train_accs": [
        0.4101451210826209,
        0.5496127136752134,
        0.6077946937321935,
        0.6512197293447288,
        0.6869658119658123,
        0.7119836182336182,
        0.7294115028490021,
        0.7506009615384602,
        0.764356303418803,
        0.7792022792022785,
        0.7951611467236467,
        0.811832264957263,
        0.8248308404558393,
        0.8371839387464378,
        0.8506721866096851,
        0.8655849358974355,
        0.8767361111111115,
        0.8878872863247858,
        0.8989271723646719,
        0.9072293447293438,
        0.9166666666666655,
        0.9247017450142443,
        0.9285746082621064,
        0.9346732549857534,
        0.9415286680911672
    ],
    "valid_accs": [
        0.49550781250000003,
        0.5779296874999997,
        0.6568359375,
        0.67265625,
        0.7197265625000001,
        0.7472656249999999,
        0.7611328125000003,
        0.750390625,
        0.7908203125,
        0.8001953125,
        0.8144531249999999,
        0.8416015625000001,
        0.8572265625,
        0.8593750000000002,
        0.8642578124999999,
        0.8796874999999998,
        0.8951171875,
        0.8962890625,
        0.912109375,
        0.9228515625,
        0.9041015624999998,
        0.9283203125000002,
        0.9207031249999997,
        0.9335937500000001,
        0.9259765625
    ],
    "total_params": 2188298,
    "total_train_time": 132.286794424057
}