{
    "train_losses": [
        1.7592823155585173,
        1.3163929625793742,
        1.0404935448597639,
        0.8388779879974839,
        0.6797346781801291,
        0.5810068049322169,
        0.5045261092250504,
        0.4491423528928025,
        0.40144822009947917,
        0.3601415135242323,
        0.3277686663672456,
        0.2866971459229106,
        0.2712459097221028,
        0.24178848680947232,
        0.21373014217852865,
        0.20141246766276508,
        0.18489700901797013,
        0.16577342600479422,
        0.15650517147490783,
        0.14475090533197776,
        0.13334147780709116,
        0.1235794187802025,
        0.1227991760063629,
        0.1103951089094762,
        0.10327367073301742,
        0.09895335064081212,
        0.09378052519321273,
        0.08900187937993848,
        0.08454016674352426,
        0.0772869983937411
    ],
    "valid_losses": [
        1.4643820285797118,
        1.1545156538486483,
        1.2385140240192416,
        0.7281433776021007,
        0.791893781721592,
        0.5281192615628242,
        0.5275146439671516,
        0.3955363627523184,
        0.3675287190824748,
        0.3161702822893857,
        0.3231029625982047,
        0.27782017663121233,
        0.20671363342553375,
        0.1920500263571739,
        0.23007691036909822,
        0.1911965334787965,
        0.14923897543922068,
        0.1563484214246273,
        0.13693026509135958,
        0.14069912368431686,
        0.14918983615934847,
        0.1262940965592861,
        0.1178834305144846,
        0.10140624796040354,
        0.11361469696275889,
        0.1441093408502638,
        0.11545064039528369,
        0.10792354950681328,
        0.09573011132888497,
        0.1011754848761484
    ],
    "train_accs": [
        0.36251335470085416,
        0.5169827279202283,
        0.6286057692307689,
        0.7028801638176636,
        0.7605279558404552,
        0.7978766025641021,
        0.8260550213675204,
        0.8409677706552703,
        0.8595530626780626,
        0.8726406695156694,
        0.8858395655270662,
        0.8999955484330484,
        0.905604522792022,
        0.9143518518518505,
        0.9247017450142433,
        0.9302216880341873,
        0.9358084045584029,
        0.9415064102564101,
        0.9452457264957269,
        0.9491631054131057,
        0.9526798433048448,
        0.9580662393162416,
        0.9569756054131077,
        0.9611823361823391,
        0.9638532763532799,
        0.9648548789173828,
        0.9679264601139648,
        0.9681045227920271,
        0.9708199786324829,
        0.9730235042735091
    ],
    "valid_accs": [
        0.45410156250000006,
        0.5884765625,
        0.5867187500000001,
        0.7398437500000002,
        0.7371093750000002,
        0.8167968749999999,
        0.8173828125000001,
        0.8609374999999997,
        0.8781250000000002,
        0.8904296874999998,
        0.8861328124999999,
        0.9048828125000001,
        0.9330078124999999,
        0.9343750000000001,
        0.9265625000000001,
        0.9351562499999998,
        0.9501953124999998,
        0.9460937499999998,
        0.9566406250000001,
        0.9537109375000001,
        0.9498046875,
        0.9580078125000001,
        0.9658203125,
        0.9703125,
        0.9658203125000001,
        0.9568359375000001,
        0.9666015624999998,
        0.9708984374999999,
        0.9710937500000001,
        0.9705078125
    ]
}