{
    "train_losses": [
        1.5789194874614059,
        1.259034443614829,
        1.1410887344949943,
        1.0424382046416956,
        0.9698338783704317,
        0.8970439490090072,
        0.8312352841396271,
        0.7766832834974656,
        0.7272355119217492,
        0.6769682820196514,
        0.6281389117750343,
        0.5826019414639537,
        0.5430677544187615,
        0.49711089906020023,
        0.45425332543517094,
        0.4133855184683432,
        0.3740358966113495,
        0.3335143609603925,
        0.296693136209776,
        0.2660477801180974
    ],
    "valid_losses": [
        1.3179948017001155,
        1.1764166593551637,
        1.031755231320858,
        1.0015484236180783,
        0.8970729708671568,
        0.8110114917159081,
        0.801052861660719,
        0.6881504341959955,
        0.6649269849061965,
        0.6286805905401707,
        0.582716315984726,
        0.5478092581033707,
        0.4977743029594421,
        0.4699131242930888,
        0.3917006472125651,
        0.4043537519872189,
        0.35195440575480474,
        0.32172600254416467,
        0.32950178720057016,
        0.23702209824696183
    ],
    "train_accs": [
        0.4249020655270654,
        0.5497907763532762,
        0.5925925925925926,
        0.6294515669515667,
        0.6566951566951567,
        0.6827368233618234,
        0.7045495014245008,
        0.7262286324786323,
        0.7410078347578343,
        0.7599715099715099,
        0.7774884259259254,
        0.7922898860398848,
        0.8074697293447287,
        0.82204861111111,
        0.8380965099715091,
        0.8515624999999992,
        0.8660523504273501,
        0.8797631766381775,
        0.892828525641026,
        0.9049145299145291
    ],
    "valid_accs": [
        0.5330078125,
        0.5787109374999999,
        0.6322265625,
        0.6482421874999998,
        0.6810546875000001,
        0.7115234374999999,
        0.7181640625000001,
        0.7566406250000002,
        0.7654296874999998,
        0.7843749999999999,
        0.8015624999999998,
        0.80703125,
        0.8279296875,
        0.8359375000000002,
        0.8671875,
        0.8652343749999999,
        0.8787109375,
        0.8910156249999999,
        0.891796875,
        0.9244140624999998
    ],
    "total_params": 2376458,
    "total_train_time": 313.41401839256287
}