{
    "train_losses": [
        2.0512515792140253,
        1.470362848705715,
        1.2291578674248496,
        1.1028156506369928,
        1.010913464927945,
        0.9532295400940112,
        0.9000689040901309,
        0.8595044755528112,
        0.8183969671909631,
        0.7672785355834197,
        0.7420653795924279,
        0.6991101394691358,
        0.6624187640315109,
        0.6220099733256214,
        0.5899398919523949,
        0.5477796866003942,
        0.5152778100763626,
        0.47574136637554565,
        0.4379928652037922,
        0.401275082870766,
        0.35464290467931997,
        0.32392137597429105,
        0.2866353666638037,
        0.2461097654581409,
        0.21970361991230913
    ],
    "valid_losses": [
        1.6245778053998952,
        1.3630248606204987,
        1.1766241729259492,
        1.0167425766587255,
        1.0297900423407556,
        0.9159797444939615,
        0.823219355940819,
        0.8416102886199949,
        0.7889547988772394,
        0.7226132079958916,
        0.7024787902832029,
        0.6080337196588517,
        0.5965872406959534,
        0.5979101173579691,
        0.5216988772153853,
        0.4574676647782326,
        0.45552378147840494,
        0.4498809412121772,
        0.40492097511887554,
        0.35645922087132936,
        0.28983135260641585,
        0.31386379599571224,
        0.2676595941185951,
        0.26217960231006143,
        0.2230105450376868
    ],
    "train_accs": [
        0.27906873219373185,
        0.4671919515669516,
        0.5598290598290598,
        0.6078837250712246,
        0.6417156339031337,
        0.6637954059829061,
        0.6824697293447289,
        0.6983173076923075,
        0.7120281339031332,
        0.7287215099715095,
        0.7388043091168086,
        0.7528267450142447,
        0.765936609686609,
        0.7784009971509966,
        0.7917111823361815,
        0.8041310541310529,
        0.8160612535612523,
        0.8302840099715088,
        0.8425480769230761,
        0.8565259971509968,
        0.8724848646723651,
        0.8840366809116811,
        0.8978810541310541,
        0.911191239316239,
        0.9221198361823348
    ],
    "valid_accs": [
        0.4111328125000001,
        0.50390625,
        0.5888671875,
        0.6406249999999999,
        0.6427734375000003,
        0.6794921875000001,
        0.7074218749999999,
        0.7119140625,
        0.7269531249999999,
        0.7435546874999999,
        0.75859375,
        0.7888671874999998,
        0.7890625,
        0.7902343749999999,
        0.816796875,
        0.8423828125000001,
        0.8363281249999999,
        0.8423828125000002,
        0.8521484375000001,
        0.8806640625000002,
        0.9025390625,
        0.8923828125,
        0.9107421874999998,
        0.9115234374999999,
        0.9244140624999999
    ],
    "total_params": 33918218,
    "total_train_time": 1152.0181465148926
}