{
    "train_losses": [
        1.7609463009739201,
        1.4492286837678343,
        1.3271098530869878,
        1.2434261802934168,
        1.1753403938393998,
        1.1189309025761747,
        1.0587744711131453,
        1.009357399071043,
        0.9580896890740794,
        0.9111059260504192,
        0.8687131457518988,
        0.8217335153169444,
        0.7778621998607591,
        0.7360967076741736,
        0.70183927754731,
        0.6639626494839659,
        0.6246813125589971,
        0.5861607205833804,
        0.5566478854740451,
        0.5265067512663002
    ],
    "valid_losses": [
        1.5170507550239567,
        1.332953564822674,
        1.227170726656914,
        1.1733958750963214,
        1.0843852624297143,
        1.0116540223360062,
        0.9361658915877342,
        0.8930871531367301,
        0.860957692563534,
        0.787469306588173,
        0.7606640025973321,
        0.7133685946464535,
        0.671486109495163,
        0.6207783356308937,
        0.579284793883562,
        0.5397703267633914,
        0.5143597595393657,
        0.4803262129426002,
        0.4600644551217556,
        0.4143697388470172
    ],
    "train_accs": [
        0.36738782051282015,
        0.47858796296296285,
        0.5248174857549859,
        0.5539529914529916,
        0.5804175569800569,
        0.6048121438746433,
        0.6250445156695151,
        0.6418491809116811,
        0.6617922008547011,
        0.6782852564102556,
        0.6918402777777779,
        0.7088675213675202,
        0.7258947649572637,
        0.7409855769230766,
        0.7529825498575492,
        0.7681178774928769,
        0.7812054843304835,
        0.7947827635327631,
        0.8053774928774923,
        0.8153267450142448
    ],
    "valid_accs": [
        0.4496093749999999,
        0.5318359374999999,
        0.5541015625,
        0.5871093750000002,
        0.6148437500000001,
        0.6496093749999998,
        0.6791015625000002,
        0.6890625,
        0.7072265625000003,
        0.7320312499999998,
        0.7406249999999999,
        0.7582031250000001,
        0.7691406250000001,
        0.7933593750000001,
        0.8033203125,
        0.8232421874999998,
        0.8287109375000001,
        0.8378906250000001,
        0.8472656249999999,
        0.8673828124999998
    ],
    "total_params": 2310938,
    "total_train_time": 67.82212233543396
}